slot_id,layer,owner,persona_id,nganh,mien,num_calls,channel_pattern,hard_case_tag,special_customer,promo_situation,policy_situation,customer_id,status,notes
SC-001,A,SV1,khach_do_du_hoi_nguoi_nha,gia-dung,bac,2,hotline-hotline,shared_phone,shared_phone,none,none,C034,todo,
SC-002,A,SV2,khach_so_gia,me-be,trung,2,zalo_oa-hotline,shared_phone,shared_phone,none,none,C034,todo,
SC-003,A,SV1,khach_da_mua_doi_size,thoi-trang,nam,2,chat_fanpage-hotline,ttl,long_history,none,none,C031,todo,
SC-004,A,SV2,khach_hoi_nhieu_khong_mua,gia-dung,trung,2,zalo_oa-hotline,ttl,long_history,none,none,C031,todo,
SC-005,A,SV1,khach_goi_lan_3_het_kien_nhan,me-be,nam,2,chat_fanpage-zalo_oa,order_in_transit,order_in_transit,none,current,C032,todo,
SC-006,A,SV2,khach_da_kenh_fb_hotline,thoi-trang,bac,2,hotline-hotline,order_in_transit,order_in_transit,none,current,C032,todo,
SC-007,A,SV1,khach_ngoai_pham_vi_chuyen_may,gia-dung,nam,2,zalo_oa-hotline,version_conflict,none,none,old,,todo,
SC-008,A,SV2,khach_hoi_ngoai_tai_lieu,me-be,bac,2,chat_fanpage-hotline,version_conflict,none,none,old,,todo,
SC-009,A,SV1,khach_da_kenh_mau_thuan,thoi-trang,trung,2,zalo_oa-hotline,version_conflict,none,none,old,,todo,
SC-010,A,SV2,hai_nguoi_chung_sdt,gia-dung,bac,2,chat_fanpage-zalo_oa,unanswerable,none,none,unanswerable,,todo,
SC-011,A,SV1,khach_quay_lai_sau_8_thang,me-be,trung,2,hotline-hotline,unanswerable,none,none,unanswerable,,todo,
SC-012,A,SV2,khach_mua_nhieu_mon,thoi-trang,nam,2,zalo_oa-hotline,unanswerable,none,none,unanswerable,,todo,
SC-013,A,SV1,khach_do_du_hoi_nguoi_nha,me-be,trung,2,chat_fanpage-hotline,restricted,none,none,restricted,,todo,
SC-014,A,SV2,khach_so_gia,thoi-trang,nam,2,zalo_oa-hotline,restricted,none,none,restricted,,todo,
SC-015,A,SV1,khach_da_mua_doi_size,gia-dung,bac,2,chat_fanpage-zalo_oa,restricted,none,none,restricted,,todo,
SC-016,A,SV2,khach_hoi_nhieu_khong_mua,me-be,nam,2,hotline-hotline,numeric,none,conditional,current,,todo,
SC-017,A,SV1,khach_goi_lan_3_het_kien_nhan,thoi-trang,bac,2,zalo_oa-hotline,numeric,none,conditional,current,,todo,
SC-018,A,SV2,khach_da_kenh_fb_hotline,gia-dung,trung,2,chat_fanpage-hotline,numeric,none,conditional,current,,todo,
SC-019,A,SV1,khach_ngoai_pham_vi_chuyen_may,me-be,bac,2,zalo_oa-hotline,multi_hop,none,conditional,current,,todo,
SC-020,A,SV2,khach_hoi_ngoai_tai_lieu,thoi-trang,trung,2,chat_fanpage-zalo_oa,multi_hop,none,conditional,current,,todo,
SC-021,A,SV1,khach_da_kenh_mau_thuan,gia-dung,nam,2,hotline-hotline,multi_hop,none,conditional,current,,todo,
SC-022,A,SV2,hai_nguoi_chung_sdt,me-be,trung,2,zalo_oa-hotline,teencode,none,active,none,,todo,
SC-023,A,SV1,khach_quay_lai_sau_8_thang,thoi-trang,nam,2,chat_fanpage-hotline,teencode,none,active,none,,todo,
SC-024,A,SV2,khach_mua_nhieu_mon,gia-dung,bac,2,zalo_oa-hotline,teencode,none,active,none,,todo,
SC-025,A,SV1,khach_do_du_hoi_nguoi_nha,thoi-trang,nam,2,chat_fanpage-zalo_oa,promo_expired,none,expired,none,,todo,
SC-026,A,SV2,khach_so_gia,gia-dung,bac,2,hotline-hotline,promo_expired,none,expired,none,,todo,
SC-027,A,SV1,khach_da_mua_doi_size,me-be,trung,2,zalo_oa-hotline,promo_expired,none,expired,none,,todo,
SC-028,A,SV2,khach_hoi_nhieu_khong_mua,thoi-trang,bac,2,chat_fanpage-hotline,promo_not_started,none,not_started,none,,todo,
SC-029,A,SV1,khach_goi_lan_3_het_kien_nhan,gia-dung,trung,2,zalo_oa-hotline,promo_not_started,none,not_started,none,,todo,
SC-030,A,SV2,khach_da_kenh_fb_hotline,me-be,nam,2,chat_fanpage-zalo_oa,promo_condition_fail,none,conditional,none,,todo,
SC-031,A,SV1,khach_ngoai_pham_vi_chuyen_may,thoi-trang,trung,2,hotline-hotline,promo_condition_fail,none,conditional,none,,todo,
SC-032,B,SV2,khach_hoi_ngoai_tai_lieu,gia-dung,nam,2,zalo_oa-hotline,,none,active,current,,todo,
SC-033,B,SV1,khach_da_kenh_mau_thuan,me-be,bac,2,chat_fanpage-hotline,,none,conditional,none,,todo,
SC-034,B,SV2,hai_nguoi_chung_sdt,thoi-trang,nam,3,zalo_oa-hotline,,none,none,current,,todo,
SC-035,B,SV1,khach_quay_lai_sau_8_thang,gia-dung,bac,2,chat_fanpage-zalo_oa,,none,active,none,,todo,
SC-036,B,SV2,khach_mua_nhieu_mon,me-be,trung,2,hotline-hotline,,none,active,current,,todo,
SC-037,B,SV1,khach_do_du_hoi_nguoi_nha,gia-dung,bac,3,zalo_oa-hotline,,none,conditional,current,,todo,
SC-038,B,SV2,khach_so_gia,me-be,trung,2,chat_fanpage-hotline,,none,none,none,,todo,
SC-039,B,SV1,khach_da_mua_doi_size,thoi-trang,nam,2,zalo_oa-hotline,,none,active,current,,todo,
SC-040,B,SV2,khach_hoi_nhieu_khong_mua,gia-dung,trung,3,chat_fanpage-zalo_oa,,none,active,none,,todo,
SC-041,B,SV1,khach_goi_lan_3_het_kien_nhan,me-be,nam,2,hotline-hotline,,none,conditional,current,,todo,
SC-042,B,SV2,khach_da_kenh_fb_hotline,thoi-trang,bac,2,zalo_oa-hotline,,none,none,current,,todo,
SC-043,B,SV1,khach_ngoai_pham_vi_chuyen_may,gia-dung,nam,3,chat_fanpage-hotline,,none,active,none,,todo,
SC-044,B,SV2,khach_hoi_ngoai_tai_lieu,me-be,bac,2,zalo_oa-hotline,,none,active,current,,todo,
SC-045,B,SV1,khach_da_kenh_mau_thuan,thoi-trang,trung,2,chat_fanpage-zalo_oa,,none,conditional,none,,todo,
SC-046,B,SV2,hai_nguoi_chung_sdt,gia-dung,bac,3,hotline-hotline,,none,none,current,,todo,
SC-047,B,SV1,khach_quay_lai_sau_8_thang,me-be,trung,2,zalo_oa-hotline,,none,active,current,,todo,
SC-048,B,SV2,khach_mua_nhieu_mon,thoi-trang,nam,2,chat_fanpage-hotline,,none,active,none,,todo,
SC-049,B,SV1,khach_do_du_hoi_nguoi_nha,me-be,trung,3,zalo_oa-hotline,,none,conditional,current,,todo,
SC-050,B,SV2,khach_so_gia,thoi-trang,nam,2,chat_fanpage-zalo_oa,,none,none,none,,todo,
SC-051,B,SV1,khach_da_mua_doi_size,gia-dung,bac,2,hotline-hotline,,none,active,current,,todo,
SC-052,B,SV2,khach_hoi_nhieu_khong_mua,me-be,nam,3,zalo_oa-hotline,,none,active,current,,todo,
SC-053,B,SV1,khach_goi_lan_3_het_kien_nhan,thoi-trang,bac,2,chat_fanpage-hotline,,none,conditional,none,,todo,
SC-054,B,SV2,khach_da_kenh_fb_hotline,gia-dung,trung,2,zalo_oa-hotline,,none,none,current,,todo,
SC-055,B,SV1,khach_ngoai_pham_vi_chuyen_may,me-be,bac,3,chat_fanpage-zalo_oa,,none,active,none,,todo,
SC-056,B,SV2,khach_hoi_ngoai_tai_lieu,thoi-trang,trung,2,hotline-hotline,,none,active,current,,todo,
SC-057,B,SV1,khach_da_kenh_mau_thuan,gia-dung,nam,2,zalo_oa-hotline,,none,conditional,current,,todo,
SC-058,B,SV2,hai_nguoi_chung_sdt,me-be,trung,3,chat_fanpage-hotline,,none,none,none,,todo,
SC-059,B,SV1,khach_quay_lai_sau_8_thang,thoi-trang,nam,2,zalo_oa-hotline,,none,active,current,,todo,
SC-060,B,SV2,khach_mua_nhieu_mon,gia-dung,bac,2,chat_fanpage-zalo_oa,,none,active,none,,todo,
SC-061,B,SV1,khach_do_du_hoi_nguoi_nha,thoi-trang,nam,3,hotline-hotline,,none,conditional,current,,todo,
SC-062,B,SV2,khach_so_gia,gia-dung,bac,2,zalo_oa-hotline,,none,none,current,,todo,
SC-063,B,SV1,khach_da_mua_doi_size,me-be,trung,2,chat_fanpage-hotline,,none,active,none,,todo,
SC-064,B,SV2,khach_hoi_nhieu_khong_mua,thoi-trang,bac,3,zalo_oa-hotline,,none,active,current,,todo,
SC-065,B,SV1,khach_goi_lan_3_het_kien_nhan,gia-dung,trung,2,chat_fanpage-zalo_oa,,none,conditional,none,,todo,
SC-066,B,SV2,khach_da_kenh_fb_hotline,me-be,nam,2,hotline-hotline,,none,none,current,,todo,
SC-067,B,SV1,khach_ngoai_pham_vi_chuyen_may,thoi-trang,trung,3,zalo_oa-hotline,,none,active,current,,todo,
SC-068,B,SV2,khach_hoi_ngoai_tai_lieu,gia-dung,nam,2,chat_fanpage-hotline,,none,active,none,,todo,
SC-069,B,SV1,khach_da_kenh_mau_thuan,me-be,bac,2,zalo_oa-hotline,,none,conditional,current,,todo,
SC-070,B,SV2,hai_nguoi_chung_sdt,thoi-trang,nam,3,chat_fanpage-zalo_oa,,none,none,none,,todo,
SC-071,B,SV1,khach_quay_lai_sau_8_thang,gia-dung,bac,2,hotline-hotline,,none,active,current,,todo,
